source,Area,GDP,Inflation,Life.expect,Military,Pop.growth,Unemployment
oja,-0.13182991267547578,0.49986113672123544,-0.4133325361357766,0.4843175083566923,-0.18236886223663626,0.47420726327148705,-0.26825970364216617
pca_eigvec,-0.12487390183337642,0.5005058583604991,-0.40651815481189,0.4828733253002002,-0.1881116161317975,0.4757035539127576,-0.2716558200750462
diff,-0.006956010842099361,-0.0006447216392636568,-0.006814381323886565,0.0014441830564920766,0.00574275389516124,-0.001496290641270548,0.003396116432880014
