source,Area,GDP,Inflation,Life.expect,Military,Pop.growth,Unemployment
oja,-0.12562937561900892,0.5004331297672082,-0.4072564872173583,0.4830270128741139,-0.18747731818613275,0.47554378345840137,-0.2712816103687567
pca_eigvec,-0.12487390183337642,0.5005058583604991,-0.40651815481189,0.4828733253002002,-0.1881116161317975,0.4757035539127576,-0.2716558200750462
diff,-0.0007554737856324961,-7.272859329088277e-05,-0.0007383324054682783,0.0001536875739137078,0.0006342979456647468,-0.00015977045435622284,0.0003742097062894856
