source,Area,GDP,Inflation,Life.expect,Military,Pop.growth,Unemployment
oja,-0.1320899814587797,0.4998355878854483,-0.4135859377460464,0.48437199335976283,-0.1821568664145899,0.47415027585686287,-0.2681322560937809
pca_eigvec,-0.12487390183337639,0.5005058583604998,-0.40651815481189013,0.4828733253002006,-0.18811161613179764,0.475703553912758,-0.27165582007504624
diff,-0.007216079625403313,-0.000670270475051471,-0.007067782934156275,0.0014986680595622248,0.005954749717207747,-0.0015532780558951131,0.003523563981265354
